<?xml version="1.0" encoding="utf-8"?>
<aim_assist>
    <settings>
        <enabled>true</enabled>
        <fov>180</fov>
        <smoothness>10</smoothness>
        <aim_key>F</aim_key>
        <aim_type>target</aim_type>
    </settings>
    <targets>
        <target>
            <name>enemy</name>
            <color>red</color>
            <distance>100</distance>
        </target>
        <target>
            <name>teammate</name>
            <color>green</color>
            <distance>50</distance>
        </target>
    </targets>
</aim_assist>