<configuration>
    <aimAssist>
        <enabled>true</enabled>
        <maxAccuracy>1000</maxAccuracy>
        <instantLock>true</instantLock>
        <maxRange>10000</maxRange>
        <prioritizeHeadshots>true</prioritizeHeadshots>
        <smoothFallback>true</smoothFallback>
    </aimAssist>
    <recoilControl>
        <removeRecoil>true</removeRecoil>
        <removeBulletSpread>true</removeBulletSpread>
        <removeWeaponSway>true</removeWeaponSway>
    </recoilControl>
    <antiBan>
        <enabled>true</enabled>
        <detectionBypass>true</detectionBypass>
    </antiBan>
    <optimization>
        <aimAssistThroughWalls>true</aimAssistThroughWalls>
        <performanceOptimized>true</performanceOptimized>
    </optimization>
</configuration>
