<configuration>
    <targetLocking>
        <enabled>true</enabled>
        <maxRange>15000</maxRange>
        <lockOnAimAssist>true</lockOnAimAssist>
        <headshotPriority>true</headshotPriority>
        <fallbackToBodyShots>true</fallbackToBodyShots>
    </targetLocking>
    <recoilManagement>
        <noRecoil>true</noRecoil>
        <noSpread>true</noSpread>
        <noSway>true</noSway>
    </recoilManagement>
    <antiDetection>
        <enabled>true</enabled>
        <bypassDetection>true</bypassDetection>
    </antiDetection>
    <performance>
        <aimAssistThroughObstacles>true</aimAssistThroughObstacles>
        <optimizedForAllResolutions>true</optimizedForAllResolutions>
    </performance>
</configuration>
