<configuration>
    <aimAssist>
        <maxAssist>true</maxAssist>
        <rankedStrength>10000</rankedStrength>
        <unrankedStrength>10000</unrankedStrength>
        <aimbotMimicry>true</aimbotMimicry>
        <instantLock>true</instantLock>
        <maxRange>true</maxRange>
        <headshotPriority>true</headshotPriority>
        <smoothFallback>true</smoothFallback>
        <recoilControl>true</recoilControl>
        <bulletSpread>false</bulletSpread>
        <weaponSway>false</weaponSway>
        <antiBan>true</antiBan>
        <wallPenetration>true</wallPenetration>
        <performanceOptimization>true</performanceOptimization>
    </aimAssist>
</configuration>
