<configuration>
    <aim_assist>
        <enabled>true</enabled>
        <range>2000</range> 
        <smoothness>0.2</smoothness> 
        <latency>0.03</latency> 
        <jitter_reduction>true</jitter_reduction>
        <aimbot_mimic>true</aimbot_mimic> 
        <target_locking>
            <precision>high</precision> 
        </target_locking>
    </aim_assist>
    <compatibility>
        <platform>Android</platform>
        <game_version>latest</game_version>
    </compatibility>
</configuration>
