<?xml version="1.0" encoding="utf-8"?>
<resources>
    <string name="app_name">Blood Strike Mobile</string>
    <string name="aimbot_enabled">Aimbot Enabled</string>
    <string name="aim_assist_enabled">Aim Assist Enabled</string>
    <bool name="enable_aimbot">true</bool>
    <bool name="enable_aim_assist">true</bool>
    <integer name="aimbot_sensitivity">5</integer>
    <integer name="aim_assist_sensitivity">3</integer>
    <string name="aimbot_target">nearest_enemy</string>
    <string name="aim_assist_target">nearest_enemy</string>
</resources>