<aimAssist>
    <enabled>true</enabled>
    <aimbotLikeFunctionality>true</aimbotLikeFunctionality>
    <maxRange>10000</maxRange>
    <smoothness>
        <horizontal>0.5</horizontal>
        <vertical>0.5</vertical>
    </smoothness>
    <targetLock>
        <precision>0.1</precision>
        <latency>0.05</latency>
    </targetLock>
    <mobileOptimization>
        <reduceJitter>true</reduceJitter>
        <aimSensitivity>0.8</aimSensitivity>
    </mobileOptimization>
    <brutalAimBot>
        <enabled>true</enabled>
        <maxRange>10000</maxRange>
    </brutalAimBot>
</aimAssist>
