<configuration>
    <aimAssist>
        <enabled>true</enabled>
        <maxRange>15000</maxRange>
        <headshotPriority>true</headshotPriority>
        <bodyShotFallback>false</bodyShotFallback>
        <recoilControl>true</recoilControl>
        <bulletSpreadControl>false</bulletSpreadControl>
        <smoothTracking>true</smoothTracking>
        <stickyAim>true</stickyAim>
        <aimThroughWalls>true</aimThroughWalls>
        <aimLock>
            <enabled>true</enabled>
            <lockDuration>300</lockDuration>
        </aimLock>
    </aimAssist>
</configuration>
