{
    "controls": {
        "aim_assist_enabled": 1,
        "aim_assist_strength": 300,
        "aim_assist_slowdown": 100,
        "aim_assist_sticky": 3,
        "aim_assist_range": 20.0,
        "aim_assist_sensitivity_modifier": 0.1,
        "ads_sensitivity": 0.8,
        "hipfire_sensitivity": 1.2,
        "gyro_assist": 1,
        "response_curve": "linear"
    },
    "graphics": {
        "frame_rate": 90,
        "max_fps": 90,
        "enable_high_fps": 1,
        "resolution_scale": 1.0
    }
}