{
    "network": {
        "high_tick_rate": 1,
        "low_latency_mode": 1,
        "packet_loss_optimization": 1
    },
    "graphics": {
        "frame_rate": 90,
        "max_fps": 90,
        "enable_high_fps": 1,
        "effect_quality": 0,
        "particle_quality": 0,
        "motion_blur": 0,
        "depth_of_field": 0,
        "bloom": 0,
        "shadow_quality": 0
    },
    "controls": {
        "ads_sensitivity": 0.85,
        "hipfire_sensitivity": 1.15,
        "aim_assist_enabled": 1,
        "aim_assist_strength": 300
    }
}