{
    "controls": {
        "aim_assist_enabled": 1,
        "aim_assist_strength": 90,
        "aim_assist_slowdown": 1,
        "aim_assist_sticky": 3,
        "aim_assist_range": 15.0,
        "aim_assist_sensitivity_modifier": 0.55,
        "ads_sensitivity": 0.8,
        "hipfire_sensitivity": 1.1,
        "gyro_assist": 1,
        "response_curve": "linear"
    },
    "graphics": {
        "frame_rate": 90,
        "max_fps": 90,
        "enable_high_fps": 1,
        "shadow_quality": 0,
        "depth_of_field": 0,
        "bloom": 0,
        "motion_blur": 0
    }
}