{
  "game": "com.garena.game.codm",
  "settings": {
    "graphics": {
      "max_fps": 120,
      "render_quality": "low",
      "shadow_quality": "off",
      "anti_aliasing": "off",
      "texture_quality": "medium",
      "effect_quality": "low",
      "draw_distance": "far"
    },
    "performance": {
      "gpu_optimization": true,
      "cpu_optimization": true,
      "ram_boost": true,
      "thermal_control": "balanced"
    },
    "aim_assist": {
      "enabled": true,
      "strength": 90
    },
    "hit_registration": {
      "net_optimization": true,
      "packet_priority": "high",
      "input_latency_reduction": true
    }
  }
}