{
  "aim_assist": "true,
  "ads_lockon": "true,
  "ads_lockon": "1,
  "aim_lockon": "true,
  "aim_lockon": "1,
  "aim_assist_strength": "99,
  "auto_aim": "true,
  "aim_slowdown_strength": "99,
  "aim_acceleration": "99,
  "auto_aim_correction":"true,
  "ads_snap": true,
  "aim_snap_strength": 99.5,
  "aim_magnetism":"3,
  "target_tracking": "99,
  "target_tracking": "99,
  "crosshair_magnetism": "99,
  "headshot_priority": "3,
  "bullet_attraction": "99,
  "aim_lock_smoothness": "99,
  "enemy_sticky_aim": "99,
  "aimlock_enabled": true,
  "aimlock_strength": 90,
  "aimbot_enabled": true,
  "aimbot_fov": 360,
  "aimbot_smoothness": 0.1,
  "aimbot_strength": 10,
  "target_priority": "body,
  "auto_shoot": false,
  "aim_prediction": true,
  "max_distance": 1000,
  "lock_on_time": 0.1,
  "lock_on":true,
"auto_shoot":true,
"target_switching":true,
"headshot_priority":true,
"fov":360,
  "max_fps": "120,
  "render_quality": "low,
  "shadow_quality": "off,
  "anti_aliasing": "off,
  "texture_quality": "medium"
}


